{
  "Background": {
    "Image": {
      "X": 0,
      "Y": 0,
      "ImageIndex": 55
    },
    "Preview1": {
      "X": 18,
      "Y": 17,
      "ImageIndex": 55
    },
    "Preview2": {
      "X": 18,
      "Y": 17,
      "ImageIndex": 55
    },
    "Preview3": {
      "X": 18,
      "Y": 17,
      "ImageIndex": 55
    }
  },
  "Time": {
    "Hours": {
      "Tens": {
        "X": 12,
        "Y": 37,
        "ImageIndex": 0,
        "ImagesCount": 10
      },
      "Ones": {
        "X": 38,
        "Y": 37,
        "ImageIndex": 0,
        "ImagesCount": 10
      }
    },
    "Minutes": {
      "Tens": {
        "X": 68,
        "Y": 37,
        "ImageIndex": 0,
        "ImagesCount": 10
      },
      "Ones": {
        "X": 94,
        "Y": 37,
        "ImageIndex": 0,
        "ImagesCount": 10
      }
    },
    "UnknownV11": 0
  },
  "Activity": {
    "Steps": {
      "Number": {
        "TopLeftX": 0,
        "TopLeftY": 268,
        "BottomRightX": 126,
        "BottomRightY": 278,
        "Alignment": "Center",
        "SpacingX": 1,
        "SpacingY": 0,
        "ImageIndex": 10,
        "ImagesCount": 10
      },
      "PrefixImageIndex": 53
    },
    "Pulse": {
      "Number": {
        "TopLeftX": 0,
        "TopLeftY": 243,
        "BottomRightX": 126,
        "BottomRightY": 257,
        "Alignment": "Center",
        "SpacingX": 1,
        "SpacingY": 0,
        "ImageIndex": 10,
        "ImagesCount": 10
      },
      "PrefixImageIndex": 54,
      "NoDataImageIndex": 52
    },
    "UnknownV7": 0
  },
  "Date": {
    "MonthAndDayAndYear": {
      "Separate": {
        "Month": {
          "TopLeftX": 38,
          "TopLeftY": 101,
          "BottomRightX": 61,
          "BottomRightY": 88,
          "Alignment": "TopLeft",
          "SpacingX": 1,
          "SpacingY": 0,
          "ImageIndex": 10,
          "ImagesCount": 10
        },
        "Day": {
          "TopLeftX": 65,
          "TopLeftY": 101,
          "BottomRightX": 87,
          "BottomRightY": 88,
          "Alignment": "TopLeft",
          "SpacingX": 1,
          "SpacingY": 0,
          "ImageIndex": 10,
          "ImagesCount": 10
        }
      },
      "TwoDigitsMonth": true,
      "TwoDigitsDay": true
    },
    "DayAmPm": {
      "X": 0,
      "Y": 0,
      "ImageIndexAMCN": 27,
      "ImageIndexPMCN": 27,
      "ImageIndexAMEN": 27,
      "ImageIndexPMEN": 27
    },
    "ENWeekDays": {
      "X": 1,
      "Y": 76,
      "ImageIndex": 20,
      "ImagesCount": 7
    }
  },
  "Status": {
    "DoNotDisturb": {
      "Coordinates": {
        "X": 40,
        "Y": 10
      },
      "ImageIndexOn": 49
    },
    "Lock": {
      "Coordinates": {
        "X": 25,
        "Y": 10
      },
      "ImageIndexOff": 50
    },
    "Bluetooth": {
      "Coordinates": {
        "X": 11,
        "Y": 10
      },
      "ImageIndexOff": 51
    }
  },
  "Battery": {
    "BatteryText": {
      "Coordinates": {
        "TopLeftX": 0,
        "TopLeftY": 10,
        "BottomRightX": 92,
        "BottomRightY": 22,
        "Alignment": "TopRight",
        "SpacingX": 1,
        "SpacingY": 0,
        "ImageIndex": 38,
        "ImagesCount": 10
      },
      "SuffixImageIndex": 48
    },
    "BatteryIcon": {
      "X": 94,
      "Y": 10,
      "ImageIndex": 28,
      "ImagesCount": 10
    }
  }
}