{
  "Background": {
    "Image": {
      "X": 0,
      "Y": 0,
      "ImageIndex": 48
    },
    "Preview1": {
      "X": 18,
      "Y": 17,
      "ImageIndex": 49
    },
    "Preview2": {
      "X": 18,
      "Y": 17,
      "ImageIndex": 49
    },
    "Preview3": {
      "X": 18,
      "Y": 17,
      "ImageIndex": 49
    }
  },
  "Time": {
    "Hours": {
      "Tens": {
        "X": 12,
        "Y": 37,
        "ImageIndex": 0,
        "ImagesCount": 10
      },
      "Ones": {
        "X": 38,
        "Y": 37,
        "ImageIndex": 0,
        "ImagesCount": 10
      }
    },
    "Minutes": {
      "Tens": {
        "X": 68,
        "Y": 37,
        "ImageIndex": 0,
        "ImagesCount": 10
      },
      "Ones": {
        "X": 94,
        "Y": 37,
        "ImageIndex": 0,
        "ImagesCount": 10
      }
    },
    "UnknownV11": 0
  },
  "Activity": {
    "Steps": {
      "Number": {
        "TopLeftX": 0,
        "TopLeftY": 268,
        "BottomRightX": 126,
        "BottomRightY": 278,
        "Alignment": "Center",
        "SpacingX": 1,
        "SpacingY": 0,
        "ImageIndex": 10,
        "ImagesCount": 10
      },
      "PrefixImageIndex": 46
    },
    "Pulse": {
      "Number": {
        "TopLeftX": 0,
        "TopLeftY": 243,
        "BottomRightX": 126,
        "BottomRightY": 257,
        "Alignment": "Center",
        "SpacingX": 1,
        "SpacingY": 0,
        "ImageIndex": 10,
        "ImagesCount": 10
      },
      "PrefixImageIndex": 47,
      "NoDataImageIndex": 45
    },
    "UnknownV7": 0
  },
  "Date": {
    "DayAmPm": {
      "X": 0,
      "Y": 0,
      "ImageIndexAMCN": 20,
      "ImageIndexPMCN": 20,
      "ImageIndexAMEN": 20,
      "ImageIndexPMEN": 20
    }
  },
  "Status": {
    "DoNotDisturb": {
      "Coordinates": {
        "X": 42,
        "Y": 10
      },
      "ImageIndexOn": 42
    },
    "Lock": {
      "Coordinates": {
        "X": 24,
        "Y": 10
      },
      "ImageIndexOff": 43
    },
    "Bluetooth": {
      "Coordinates": {
        "X": 8,
        "Y": 10
      },
      "ImageIndexOn": 44,
      "ImageIndexOff": 44
    }
  },
  "Battery": {
    "BatteryText": {
      "Coordinates": {
        "TopLeftX": -1,
        "TopLeftY": 10,
        "BottomRightX": 91,
        "BottomRightY": 22,
        "Alignment": "TopRight",
        "SpacingX": 1,
        "SpacingY": 0,
        "ImageIndex": 31,
        "ImagesCount": 10
      },
      "SuffixImageIndex": 41
    },
    "BatteryIcon": {
      "X": 96,
      "Y": 10,
      "ImageIndex": 21,
      "ImagesCount": 10
    }
  }
}